prefix,id,spt,vsini_kms,e_vsini_kms,rad_rsun,e_rad_rsun,prot_d,e_prot_d
TIC,237880881,M5,14.4,2.6,0.275151,0.00803926,0.351489271751592,0.0000140659166824374
TIC,44984200,M6,34.8,0.8,0.142339,0.00414734,0.11298171361949,0.0000050877083010906
TIC,277539431,M7,38.6,1,0.145216,0.00437047,0.19001263884005,0.00000481088286483078
TIC,452922110,M7,29.7,1.5,0.137284,0.0040854,0.176454170180627,0.0000373
