tstamp,ID,phi_a,theta_a,a,fwhm1,fwhm2,Fth,phi0,i_mu,i_sigma,radius_deg,R_Rsun,qlum_erg_s,median,log_prob,nparam
29_10_2020_10_58,452922110,15.4,0.96509650330182,0.602553675464244,0.5,1.3,90616356361.5605,-2.7,0.860933,0.0610865,10.0006639688336,0.1373,1.3E+030,314.115858568744,log_probability,7
