ID,QCS,typ,cadence_min,mission,prefix,origin,h_mission,SpT,view_start,view_stop,view_min,view_max,BJDoff,tstart,RA,Dec,J,R,Gaia_G,vsini_kms,e_vsini_kms,Prot_d,identifier
237880881,1,slc,2,tess,TIC,generic,TESS,M5,1331,1333.5,560,700,2457000,1331.7,19.5279932534442,-62.9831392189222,11.53,,14.9796,14.4,2.6,0.35125,2MASS J01180670-6258591
44984200,10,slc,2,tess,TIC,custom,TESS,M6,1587.25,1589.75,1620,2200,2457000,1588.03,129.5084167,-58.93305556,10.309,15.08,14.4115,,,0.113,SCR J0838-5855
277539431,12,slc,2,tess,TIC,custom,TESS,M7,1641,1643.5,750,970,2457000,1641.835,163.8154583,-73.93639722,10.63,,14.7381,,,0.19,WISEA J105515.71-735611.3
452922110,7,slc,2,tess,TIC,generic,TESS,M6,1493.5,1494.5,290,470,2457000,1493.91771029625,121.488085176121,4.28433196552,11.882,16.5,15.6117,29.7,1.5,0.176,2MASS J08055713+0417035
