ID,QCS,typ,cadence_min,mission,prefix,origin,h_mission,SpT,view_start,view_stop,view_min,view_max,BJDoff,tstart,RA,Dec,J,R,Gaia_G,vsini_kms,e_vsini_kms,Prot_d,identifier,desig_2mass,dist,dist_err,dist_source,rad,rad_err,tflux,tfluxerr,tlum,tlumerr,gmag,jmag,kmag,i_mu,i_sigma
237880881,1,slc,2,tess,TIC,generic,TESS,M5,1331,1333.5,560,700,2457000,1331.7,19.5279932534442,-62.9831392189222,11.53,,14.9796,14.4,2.6,0.35125,2MASS J01180670-6258591,01180670-6258591,46.0681,0.143774,gaia,0.275151,0.00803926,3.49265E-11,2.21194E-12,8.8706892E+030,5.64514E+029,14.9796,11.53,10.636,0.371856147055469,0.040246261945576
44984200,10,slc,2,tess,TIC,custom,TESS,M6,1587.25,1589.75,1620,2200,2457000,1588.03,129.5084167,-58.93305556,10.309,15.08,14.4115,,,0.113,SCR J0838-5855,08380224-5855583,11.1067,0.0274716,gaia,0.142339,0.00414734,6.30529E-11,4.37846E-12,9.3084509E+029,6.48026E+028,14.4115,10.309,9.268,0.578451807009834,0.028255854448131
277539431,12,slc,2,tess,TIC,custom,TESS,M7,1641,1643.5,750,970,2457000,1641.835,163.8154583,-73.93639722,10.63,,14.7381,,,0.19,WISEA J105515.71-735611.3,10551532-7356091,13.7047,0.106872,gaia,0.145216,0.00437047,5.01119E-11,4.61344E-12,1.1263702E+030,1.05174E+029,14.7381,10.63,9.666,1.52021431247817,0.04161485186356
452922110,7,slc,2,tess,TIC,generic,TESS,M6,1493.5,1494.5,290,470,2457000,1493.91771029625,121.488085176121,4.28433196552,11.882,16.5,15.6117,29.7,1.5,0.176,2MASS J08055713+0417035,08055713+0417035,22.04,0.061,gaia,0.1373,0.0041,2.24E-11,2.06E-12,1.3E+030,1.2E+029,15.6117,11.882,10.865,0.860933,0.0610865
