,ID,QCS,typ,cadence_min,mission,prefix,origin,h_mission,SpT,view_start,view_stop,view_min,view_max,BJDoff,tstart,RA,Dec,J,R,Gaia_G,vsini_kms,e_vsini_kms,Prot_d,identifier,desig_2mass,dist,dist_err,dist_source,rad,rad_err,tflux,tfluxerr,tlum,tlumerr,gmag,jmag,kmag,e_kmag,i_mu,i_sigma,dist_bailerjones_pc_50,dist_bailerjones_pc_16,dist_bailerjones_pc_84,dist_bailerjones_lowerr,dist_bailerjones_uperr,dist_bailerjones_meanerr
0,237880881,1,slc,2,tess,TIC,generic,TESS,M5,1331.0,1333.5,560,700,2457000,1331.7,19.5279932534442,-62.983139218922204,11.53,,14.9796,14.4,2.6,0.35125,2MASS J01180670-6258591,01180670-6258591,46.0681,0.143774,gaia,0.27515100000000003,0.00803926,3.49265e-11,2.21194e-12,8.8706892e+30,5.64514e+29,14.9796,11.53,10.636,0.023,0.371856147055469,0.040246261945576005,46.0074777281661,45.86344922603949,46.1523975123051,0.14402850212660923,0.14491978413899886,0.14447414313280404
1,44984200,10,slc,2,tess,TIC,custom,TESS,M6,1587.25,1589.75,1620,2200,2457000,1588.03,129.50841670000003,-58.93305556,10.309000000000001,15.08,14.4115,,,0.113,SCR J0838-5855,08380224-5855583,11.1067,0.027471600000000002,gaia,0.14233900000000002,0.00414734,6.30529e-11,4.37846e-12,9.3084509e+29,6.48026e+28,14.4115,10.309000000000001,9.267999999999999,0.021,0.578451807009834,0.028255854448131,11.103262623945401,11.075669345160598,11.130991280785501,0.027593278784802777,0.027728656840100285,0.02766096781245153
2,277539431,12,slc,2,tess,TIC,custom,TESS,M7,1641.0,1643.5,750,970,2457000,1641.835,163.81545830000002,-73.93639722,10.63,,14.7381,,,0.19,WISEA J105515.71-735611.3,10551532-7356091,13.7047,0.10687200000000001,gaia,0.145216,0.00437047,5.01119e-11,4.61344e-12,1.1263702e+30,1.05174e+29,14.7381,10.63,9.666,0.024,1.5202143124781697,0.041614851863559996,13.700897119055199,13.5941006859483,13.8093544742957,0.1067964331068989,0.10845735524050149,0.1076268941737002
3,452922110,7,slc,2,tess,TIC,generic,TESS,M6,1493.5,1494.5,290,470,2457000,1493.91771029625,121.488085176121,4.28433196552,11.882,16.5,15.6117,29.7,1.5,0.17600000000000002,2MASS J08055713+0417035,08055713+0417035,22.04,0.061,gaia,0.1373,0.0041,2.2399999999999998e-11,2.06e-12,1.3e+30,1.2e+29,15.6117,11.882,10.865,0.021,0.860933,0.0610865,22.025957260325303,21.9644877529315,22.087765642628302,0.0614695073938023,0.06180838230299912,0.06163894484840071
