ID,QCS,typ,cadence_min,mission,prefix,origin,h_mission,SpT,view_start,view_stop,view_min,view_max,BJDoff,tstart,ampl_min,ampl_max,RA,Dec,J,R,Gaia_G,vsini_kms,e_vsini_kms,Prot_d,sini,Ref,identifier,Rstar
100004076,14,slc,1,kep,KIC,generic,Kepler,L1,1356.5,1361,600,1050,2454833,1358.55,,,286.700312767407,40.1857207834325,13.078,,17.8356,11.2,2.2,0.37015,>.59,Gizis+13,WISEP J190648.47+401106.8,0.107
212035340,18,llc,30,ktwo,EPIC,generic,K2,M8,3437,3439.5,100,900,2454833,3437.75,,,129.326351954785,20.8430411756248,15.9,,19.5667,,,0.193,,Paudel+19,MASS J08371832+2050349 ,0.111
237880881,1,slc,2,tess,TIC,generic,TESS,M5,1331,1333.5,560,700,2457000,1331.7,,,19.5279932534442,-62.9831392189222,11.53,,14.9796,14.4,2.6,0.35125,,Kraus+14,2MASS J01180670-6258591,0.199
44984200,10,slc,2,tess,TIC,custom,TESS,M6,1587.25,1589.75,1620,2200,2457000,1588.03,0.5,0.8,129.5084167,-58.93305556,10.309,15.08,14.4115,,,0.113,,this work,SCR J0838-5855,
277539431,12,slc,2,tess,TIC,custom,TESS,M7,1641,1643.5,750,970,2457000,1641.835,0.9,1.7,163.8154583,-73.93639722,10.63,,14.7381,,,0.19,,this work,WISEA J105515.71-735611.3,
300741820,8,slc,2,tess,TIC,generic,TESS,M6,1522,1523,350,600,2457000,1522.375,,,115.1874118,-66.8088848,11.959,,15.3277,,,0.132,,Zhan+19,UCAC4 116-015389,
230120143,16,slc,2,tess,TIC,generic,TESS,M7,1741,1743,2320,2500,2457000,1741.6,1.5,2.5,250.085840025574,67.6013350352538,9.854,,13.557,10.8,0.7,0.37832453,0.6844128,Kesseli+2018,,
