idtyp,id,st,desig_2mass,dist,dist_err,dist_source,rad,tflux,tlum,kflux,klum,gmag,jmag,kmag
kep,100004076,L1,19064801+4011089,16.7867,0.0383996,gaia,0.108176,3.31976e-12,1.1195352e+29,6.71299e-13,2.2638492e+28,17.8356,13.0780,11.7710
ktwo,212035340,M8,08371832+2050349,103.589,20.5129,mk_dupuy2012,0.115204,6.54616e-13,8.4064820e+29,1.39410e-13,1.7902758e+29,19.5667,15.8940,14.8840
tess,237880881,M5,01180670-6258591,46.0681,0.143774,gaia,0.275151,3.49265e-11,8.8706892e+30,1.27267e-11,3.2323579e+30,14.9796,11.5300,10.6360
tess,44984200,M6,08380224-5855583,11.1067,0.0274716,gaia,0.142339,6.30529e-11,9.3084509e+29,2.01816e-11,2.9793947e+29,14.4115,10.3090,9.26800
tess,277539431,M7,10551532-7356091,13.7047,0.106872,gaia,0.145216,5.01119e-11,1.1263702e+30,1.38073e-11,3.1034791e+29,14.7381,10.6300,9.66600
tess,300741820,M6,07404497-6648318,22.2665,4.40926,mk_dupuy2012,0.127594,2.71165e-11,1.6089390e+30,8.67930e-12,5.1497983e+29,15.3277,11.9590,11.1260
