idtyp,id,st,desig_2mass,dist,dist_err,dist_source,rad,tflux,tlum,kflux,klum,gmag,jmag,kmag
kep,100004076,L1,19064801+4011089,16.7867,0.0383996,gaia,0.108176,3.31976E-12,1.1195352E+029,6.71299E-13,2.2638492E+028,17.8356,13.078,11.771
ktwo,212035340,M8,08371832+2050349,103.589,20.5129,mk_dupuy2012,0.115204,6.54616E-13,8.406482E+029,1.3941E-13,1.7902758E+029,19.5667,15.894,14.884
tess,237880881,M5,01180670-6258591,46.0681,0.143774,gaia,0.275151,3.49265E-11,8.8706892E+030,1.27267E-11,3.2323579E+030,14.9796,11.53,10.636
tess,44984200,M6,08380224-5855583,11.1067,0.0274716,gaia,0.142339,6.30529E-11,9.3084509E+029,2.01816E-11,2.9793947E+029,14.4115,10.309,9.268
tess,277539431,M7,10551532-7356091,13.7047,0.106872,gaia,0.145216,5.01119E-11,1.1263702E+030,1.38073E-11,3.1034791E+029,14.7381,10.63,9.666
tess,300741820,M6,07404497-6648318,22.2665,4.40926,mk_dupuy2012,0.127594,2.71165E-11,1.608939E+030,8.6793E-12,5.1497983E+029,15.3277,11.959,11.126
tess,230120143,M7,16402068+6736046,14.4346,0.0559,gaia,0.145216,5.01119E-11,1.1263702E+030,1.38073E-11,3.1034791E+029,13.5557,9.854,8.95
